title,category,content
Introduction to Machine Learning,AI,"Machine Learning is a subset of artificial intelligence that enables systems to learn and improve from experience without being explicitly programmed. It focuses on developing algorithms that can access data and use it to learn for themselves."
Supervised Learning,AI,"Supervised learning is a type of machine learning where the model is trained on labeled data. The algorithm learns from input-output pairs to make predictions on new, unseen data. Common algorithms include linear regression, decision trees, and neural networks."
Unsupervised Learning,AI,"Unsupervised learning works with unlabeled data. The algorithm tries to find hidden patterns or groupings in the data. Popular methods include k-means clustering, hierarchical clustering, and principal component analysis (PCA)."
Neural Networks,Deep Learning,"Neural networks are computing systems inspired by biological neural networks. They consist of layers of interconnected nodes (neurons) that process information. Deep learning refers to neural networks with multiple hidden layers."
Natural Language Processing,NLP,"NLP is a field of AI focused on enabling computers to understand, interpret, and generate human language. Applications include sentiment analysis, machine translation, chatbots, and text summarization."
Computer Vision,AI,"Computer vision is a field of AI that trains computers to interpret and understand visual information from the world. Applications include image classification, object detection, facial recognition, and autonomous vehicles."
Reinforcement Learning,AI,"Reinforcement learning is a type of machine learning where an agent learns to make decisions by performing actions in an environment to maximize cumulative reward. It is used in game playing, robotics, and recommendation systems."
Transfer Learning,Deep Learning,"Transfer learning is a technique where a model trained on one task is reused as the starting point for a model on a different but related task. This approach is particularly useful when labeled data is scarce."
RAG Systems,NLP,"Retrieval-Augmented Generation (RAG) combines information retrieval with text generation. The system retrieves relevant documents from a knowledge base and uses them as context for generating accurate, grounded responses."
Vector Databases,Infrastructure,"Vector databases are specialized databases designed to store and query high-dimensional vector embeddings efficiently. They enable similarity search, which is fundamental to modern AI applications like semantic search and recommendation systems."
